ID,name,customer_id,state_id,country_id,branch_id,type,street,street2,zip,city,phone,company_name,is_company,customer_rank,education_level_id,kyc_limit_id,tier_id,identification_type_id,region_id,sector_id,customer_industry_id,sex_id,account_officer_id,risk_level_id,global_pep_id,bvn,identification_number,firstname,short_name,lastname,middlename,othername,town,risk_level,internal_category,anti_bribery_file_name,data_protection_file_name,whistle_blowing_file_name,anti_money_laundering_file_name,address,customer_title,gender,marital_status,employment_status,state_residence,nin,customer_rating,origin,first_risk_rating,pep,customer_phone,branch_code,identification_expiry_date,dob,registration_date,company_reg_date,risk_score,is_pep,is_watchlist,is_fep,is_blacklist,global_pep,is_greylist,likely_sanction,likely_pep
partner_1,PINK BRUCE,,1000000001,163,1,contact,,,,,7012345601,,TRUE,0,,,,,,,,,,,,,,,,,,,,high,customer,,,,,,,,,,,,,,,,,,,,,,9,,,,,,,,
partner_2,ROLLIE JERRY,1000000002,NULL,163,2,contact,,,,,7012345602,,FALSE,0,,,,,,,,,,,,,,,,,,,,high,customer,,,,,,,,,,,,,,,,,,,,,,9,,,,,,,,
partner_3,GARNETT ORRIN,1000000003,NULL,163,3,contact,,,,,7012345603,,FALSE,0,,,,,,,,,,,,,,,,,,,,low,customer,,,,,,,,,,,,,,,,,,,,,,,,,,,,,,
partner_4,MILO GARY,1000000004,NULL,163,4,contact,,,,,7012345604,,FALSE,0,,,,,,,,,,,,,,,,,,,,low,customer,,,,,,,,,,,,,,,,,,,,,,,,,,,,,,
partner_5,ALFRED TERENCE,1000000005,NULL,163,5,contact,,,,,7012345605,,FALSE,0,,,,,,,,,,,,,,,,,,,,low,customer,,,,,,,,,,,,,,,,,,,,,,,,,,,,,,
partner_6,VERNER LUCIEN,1000000006,NULL,163,6,contact,,,,,7012345606,,FALSE,0,,,,,,,,,,,,,,,,,,,,low,customer,,,,,,,,,,,,,,,,,,,,,,,,,,,,,,
partner_7,COY IDA,1000000007,NULL,163,7,contact,,,,,7012345607,,FALSE,0,,,,,,,,,,,,,,,,,,,,high,customer,,,,,,,,,,,,,,,,,,,,,,9,FALSE,FALSE,FALSE,FALSE,FALSE,FALSE,,
partner_8,COLUMBUS SID,1000000008,NULL,163,8,private,,,,,7012345608,,FALSE,0,,,,,,,,,,,,,,,,,,,,high,customer,,,,,,,,,,,,,,,,,,,,,,9,,,,,,,,
partner_9,EMMET VICENTE,1000000009,NULL,163,9,,,,,,7012345609,,,,,,,,,,,,,,,,,,,,,,,,,,,,,,,,,,,,,,,,,,,,,,,,,,,,,,
partner_10,ELLIS TIM,1000000010,NULL,163,10,,,,,,7012345610,,,,,,,,,,,,,,,,,,,,,,,,,,,,,,,,,,,,,,,,,,,,,,,,,,,,,,
partner_11,DUDLEY LOVE,1000000011,NULL,163,11,,,,,,7012345611,,,,,,,,,,,,,,,,,,,,,,,,,,,,,,,,,,,,,,,,,,,,,,,,,,,,,,
partner_12,CLEM BESSIE,1000000012,NULL,163,12,,,,,,7012345612,,,,,,,,,,,,,,,,,,,,,,,,,,,,,,,,,,,,,,,,,,,,,,,,,,,,,,
partner_13,ELIZABETH WALLACE,1000000013,NULL,163,13,,,,,,7012345613,,,,,,,,,,,,,,,,,,,,,,,,,,,,,,,,,,,,,,,,,,,,,,,,,,,,,,
partner_14,DOLPHUS JOHNATHAN,1000000014,NULL,163,14,,,,,,7012345614,,,,,,,,,,,,,,,,,,,,,,,,,,,,,,,,,,,,,,,,,,,,,,,,,,,,,,
partner_15,ABRAM HERBERT,1000000015,NULL,163,15,,,,,,7012345615,,,,,,,,,,,,,,,,,,,,,,,,,,,,,,,,,,,,,,,,,,,,,,,,,,,,,,
partner_16,BERTRAM ELVIS,1000000016,NULL,163,16,,,,,,7012345616,,,,,,,,,,,,,,,,,,,,,,,,,,,,,,,,,,,,,,,,,,,,,,,,,,,,,,
partner_17,IRVING LYLE,1000000017,NULL,163,17,,,,,,7012345617,,,,,,,,,,,,,,,,,,,,,,,,,,,,,,,,,,,,,,,,,,,,,,,,,,,,,,
partner_18,ALBERTO SAMUAL,1000000018,NULL,163,18,,,,,,7012345618,,,,,,,,,,,,,,,,,,,,,,,,,,,,,,,,,,,,,,,,,,,,,,,,,,,,,,
partner_19,VIRGE EDGAR,1000000019,NULL,163,19,,,,,,7012345619,,,,,,,,,,,,,,,,,,,,,,,,,,,,,,,,,,,,,,,,,,,,,,,,,,,,,,
partner_20,AUGUSTIN SAMPSON,1000000020,NULL,163,20,,,,,,7012345620,,,,,,,,,,,,,,,,,,,,,,,,,,,,,,,,,,,,,,,,,,,,,,,,,,,,,,
partner_21,ANSON FRANCES,1000000021,NULL,163,21,,,,,,7012345621,,,,,,,,,,,,,,,,,,,,,,,,,,,,,,,,,,,,,,,,,,,,,,,,,,,,,,
partner_22,WONG RALPH,1000000022,NULL,163,22,,,,,,7012345622,,,,,,,,,,,,,,,,,,,,,,,,,,,,,,,,,,,,,,,,,,,,,,,,,,,,,,
partner_23,WILLIE BURTON,1000000023,NULL,163,23,,,,,,7012345623,,,,,,,,,,,,,,,,,,,,,,,,,,,,,,,,,,,,,,,,,,,,,,,,,,,,,,
partner_24,EZEKIEL ARLIE,1000000024,NULL,163,24,,,,,,7012345624,,,,,,,,,,,,,,,,,,,,,,,,,,,,,,,,,,,,,,,,,,,,,,,,,,,,,,
partner_25,OREN WAYNE,1000000025,NULL,163,25,,,,,,7012345625,,,,,,,,,,,,,,,,,,,,,,,,,,,,,,,,,,,,,,,,,,,,,,,,,,,,,,
partner_26,JORDON SHADE,1000000026,NULL,163,26,,,,,,7012345626,,,,,,,,,,,,,,,,,,,,,,,,,,,,,,,,,,,,,,,,,,,,,,,,,,,,,,
partner_27,LEE ODIE,1000000027,NULL,163,27,,,,,,7012345627,,,,,,,,,,,,,,,,,,,,,,,,,,,,,,,,,,,,,,,,,,,,,,,,,,,,,,
partner_28,CARY BUD,1000000028,NULL,163,28,,,,,,7012345628,,,,,,,,,,,,,,,,,,,,,,,,,,,,,,,,,,,,,,,,,,,,,,,,,,,,,,
partner_29,BURT AUTHER,1000000029,NULL,163,29,,,,,,7012345629,,,,,,,,,,,,,,,,,,,,,,,,,,,,,,,,,,,,,,,,,,,,,,,,,,,,,,
partner_30,RODNEY NEIL,1000000030,NULL,163,30,,,,,,7012345630,,,,,,,,,,,,,,,,,,,,,,,,,,,,,,,,,,,,,,,,,,,,,,,,,,,,,,
partner_31,EARL LEWIS,1000000031,NULL,163,31,,,,,,7012345631,,,,,,,,,,,,,,,,,,,,,,,,,,,,,,,,,,,,,,,,,,,,,,,,,,,,,,
partner_32,MAT ANSON,1000000032,NULL,163,32,,,,,,7012345632,,,,,,,,,,,,,,,,,,,,,,,,,,,,,,,,,,,,,,,,,,,,,,,,,,,,,,
partner_33,ALGERNON PIERRE,1000000033,NULL,163,33,,,,,,7012345633,,,,,,,,,,,,,,,,,,,,,,,,,,,,,,,,,,,,,,,,,,,,,,,,,,,,,,
partner_34,OSBORNE CYRUS,1000000034,NULL,163,34,,,,,,7012345634,,,,,,,,,,,,,,,,,,,,,,,,,,,,,,,,,,,,,,,,,,,,,,,,,,,,,,
partner_35,BERRY OTHA,1000000035,NULL,163,35,,,,,,7012345635,,,,,,,,,,,,,,,,,,,,,,,,,,,,,,,,,,,,,,,,,,,,,,,,,,,,,,
partner_36,LEO SEBASTIAN,1000000036,NULL,163,36,,,,,,7012345636,,,,,,,,,,,,,,,,,,,,,,,,,,,,,,,,,,,,,,,,,,,,,,,,,,,,,,
partner_37,WATT LEM,1000000037,NULL,163,37,,,,,,7012345637,,,,,,,,,,,,,,,,,,,,,,,,,,,,,,,,,,,,,,,,,,,,,,,,,,,,,,
partner_38,CHARLS DENNIE,1000000038,NULL,163,38,,,,,,7012345638,,,,,,,,,,,,,,,,,,,,,,,,,,,,,,,,,,,,,,,,,,,,,,,,,,,,,,
partner_39,HUDSON OLE,1000000039,NULL,163,39,,,,,,7012345639,,,,,,,,,,,,,,,,,,,,,,,,,,,,,,,,,,,,,,,,,,,,,,,,,,,,,,
partner_40,HELMER AUGUST,1000000040,NULL,163,40,,,,,,7012345640,,,,,,,,,,,,,,,,,,,,,,,,,,,,,,,,,,,,,,,,,,,,,,,,,,,,,,
partner_41,HILARY CARTER,1000000041,NULL,163,41,,,,,,7012345641,,,,,,,,,,,,,,,,,,,,,,,,,,,,,,,,,,,,,,,,,,,,,,,,,,,,,,
partner_42,HAROLD OLEN,1000000042,NULL,163,42,,,,,,7012345642,,,,,,,,,,,,,,,,,,,,,,,,,,,,,,,,,,,,,,,,,,,,,,,,,,,,,,
partner_43,MAURICE EARL,1000000043,NULL,163,43,,,,,,7012345643,,,,,,,,,,,,,,,,,,,,,,,,,,,,,,,,,,,,,,,,,,,,,,,,,,,,,,
partner_44,DONNIE PHILIP,1000000044,NULL,163,44,,,,,,7012345644,,,,,,,,,,,,,,,,,,,,,,,,,,,,,,,,,,,,,,,,,,,,,,,,,,,,,,
partner_45,TIMOTHY ALOYSIUS,1000000045,NULL,163,45,,,,,,7012345645,,,,,,,,,,,,,,,,,,,,,,,,,,,,,,,,,,,,,,,,,,,,,,,,,,,,,,
partner_46,SHERMAN JEWEL,1000000046,NULL,163,46,,,,,,7012345646,,,,,,,,,,,,,,,,,,,,,,,,,,,,,,,,,,,,,,,,,,,,,,,,,,,,,,
partner_47,ERNEST EMANUEL,1000000047,NULL,163,47,,,,,,7012345647,,,,,,,,,,,,,,,,,,,,,,,,,,,,,,,,,,,,,,,,,,,,,,,,,,,,,,
partner_48,SOL CICERO,1000000048,NULL,163,48,,,,,,7012345648,,,,,,,,,,,,,,,,,,,,,,,,,,,,,,,,,,,,,,,,,,,,,,,,,,,,,,
partner_49,TIM LUM,1000000049,NULL,163,49,,,,,,7012345649,,,,,,,,,,,,,,,,,,,,,,,,,,,,,,,,,,,,,,,,,,,,,,,,,,,,,,
partner_50,LLEWELLYN ENOCH,1000000050,NULL,163,50,,,,,,7012345650,,,,,,,,,,,,,,,,,,,,,,,,,,,,,,,,,,,,,,,,,,,,,,,,,,,,,,
partner_51,LAURENCE CLIFTON,1000000051,NULL,163,51,,,,,,7012345651,,,,,,,,,,,,,,,,,,,,,,,,,,,,,,,,,,,,,,,,,,,,,,,,,,,,,,
partner_52,LOUIS FRANKLIN,1000000052,NULL,163,52,,,,,,7012345652,,,,,,,,,,,,,,,,,,,,,,,,,,,,,,,,,,,,,,,,,,,,,,,,,,,,,,
partner_53,GRANT BENJAMIN,1000000053,NULL,163,53,,,,,,7012345653,,,,,,,,,,,,,,,,,,,,,,,,,,,,,,,,,,,,,,,,,,,,,,,,,,,,,,
partner_54,ARTIE GRAY,1000000054,NULL,163,54,,,,,,7012345654,,,,,,,,,,,,,,,,,,,,,,,,,,,,,,,,,,,,,,,,,,,,,,,,,,,,,,
partner_55,BRAD EBB,1000000055,NULL,163,55,,,,,,7012345655,,,,,,,,,,,,,,,,,,,,,,,,,,,,,,,,,,,,,,,,,,,,,,,,,,,,,,
partner_56,ORLEY PARKER,1000000056,NULL,163,56,,,,,,7012345656,,,,,,,,,,,,,,,,,,,,,,,,,,,,,,,,,,,,,,,,,,,,,,,,,,,,,,
partner_57,SOL JOSEPHINE,1000000057,NULL,163,57,,,,,,7012345657,,,,,,,,,,,,,,,,,,,,,,,,,,,,,,,,,,,,,,,,,,,,,,,,,,,,,,
partner_58,HUBERT LLOYD,1000000058,NULL,163,58,,,,,,7012345658,,,,,,,,,,,,,,,,,,,,,,,,,,,,,,,,,,,,,,,,,,,,,,,,,,,,,,
partner_59,GERHARD BARTON,1000000059,NULL,163,59,,,,,,7012345659,,,,,,,,,,,,,,,,,,,,,,,,,,,,,,,,,,,,,,,,,,,,,,,,,,,,,,
partner_60,NEWTON BRUCE,1000000060,NULL,163,60,,,,,,7012345660,,,,,,,,,,,,,,,,,,,,,,,,,,,,,,,,,,,,,,,,,,,,,,,,,,,,,,
partner_61,BERTON SIM,1000000061,NULL,163,61,,,,,,7012345661,,,,,,,,,,,,,,,,,,,,,,,,,,,,,,,,,,,,,,,,,,,,,,,,,,,,,,
partner_62,HECTOR DONALD,1000000062,NULL,163,62,,,,,,7012345662,,,,,,,,,,,,,,,,,,,,,,,,,,,,,,,,,,,,,,,,,,,,,,,,,,,,,,
partner_63,HOSEA LOWELL,1000000063,NULL,163,63,,,,,,7012345663,,,,,,,,,,,,,,,,,,,,,,,,,,,,,,,,,,,,,,,,,,,,,,,,,,,,,,
partner_64,AMIL FORREST,1000000064,NULL,163,64,,,,,,7012345664,,,,,,,,,,,,,,,,,,,,,,,,,,,,,,,,,,,,,,,,,,,,,,,,,,,,,,
partner_65,ALCIDE WINSTON,1000000065,NULL,163,65,,,,,,7012345665,,,,,,,,,,,,,,,,,,,,,,,,,,,,,,,,,,,,,,,,,,,,,,,,,,,,,,
partner_66,MILO LESLIE,1000000066,NULL,163,66,,,,,,7012345666,,,,,,,,,,,,,,,,,,,,,,,,,,,,,,,,,,,,,,,,,,,,,,,,,,,,,,
partner_67,ELIZABETH NICOLAS,1000000067,NULL,163,67,,,,,,7012345667,,,,,,,,,,,,,,,,,,,,,,,,,,,,,,,,,,,,,,,,,,,,,,,,,,,,,,
partner_68,THAD NOAH,1000000068,NULL,163,68,,,,,,7012345668,,,,,,,,,,,,,,,,,,,,,,,,,,,,,,,,,,,,,,,,,,,,,,,,,,,,,,
partner_69,COLONEL BENEDICT,1000000069,NULL,163,69,,,,,,7012345669,,,,,,,,,,,,,,,,,,,,,,,,,,,,,,,,,,,,,,,,,,,,,,,,,,,,,,
partner_70,AL AUSTIN,1000000070,NULL,163,70,,,,,,7012345670,,,,,,,,,,,,,,,,,,,,,,,,,,,,,,,,,,,,,,,,,,,,,,,,,,,,,,
partner_71,ELBERT MONROE,1000000071,NULL,163,1,,,,,,7012345671,,,,,,,,,,,,,,,,,,,,,,,,,,,,,,,,,,,,,,,,,,,,,,,,,,,,,,
partner_72,FRANCIS ANTONE,1000000072,NULL,163,2,,,,,,7012345672,,,,,,,,,,,,,,,,,,,,,,,,,,,,,,,,,,,,,,,,,,,,,,,,,,,,,,
partner_73,STEWART FRANK,1000000073,NULL,163,3,,,,,,7012345673,,,,,,,,,,,,,,,,,,,,,,,,,,,,,,,,,,,,,,,,,,,,,,,,,,,,,,
partner_74,MART ANDRES,1000000074,NULL,163,4,,,,,,7012345674,,,,,,,,,,,,,,,,,,,,,,,,,,,,,,,,,,,,,,,,,,,,,,,,,,,,,,
partner_75,NORVAL ELMER,1000000075,NULL,163,5,,,,,,7012345675,,,,,,,,,,,,,,,,,,,,,,,,,,,,,,,,,,,,,,,,,,,,,,,,,,,,,,
partner_76,ED FINLEY,1000000076,NULL,163,6,,,,,,7012345676,,,,,,,,,,,,,,,,,,,,,,,,,,,,,,,,,,,,,,,,,,,,,,,,,,,,,,
partner_77,GARDNER BAILEY,1000000077,NULL,163,7,,,,,,7012345677,,,,,,,,,,,,,,,,,,,,,,,,,,,,,,,,,,,,,,,,,,,,,,,,,,,,,,
partner_78,CONLEY AUBREY,1000000078,NULL,163,8,,,,,,7012345678,,,,,,,,,,,,,,,,,,,,,,,,,,,,,,,,,,,,,,,,,,,,,,,,,,,,,,
partner_79,ERIC MILO,1000000079,NULL,163,9,,,,,,7012345679,,,,,,,,,,,,,,,,,,,,,,,,,,,,,,,,,,,,,,,,,,,,,,,,,,,,,,
partner_80,HAL BERNARD,1000000080,NULL,163,10,,,,,,7012345680,,,,,,,,,,,,,,,,,,,,,,,,,,,,,,,,,,,,,,,,,,,,,,,,,,,,,,
partner_81,CARTER CLEAVE,1000000081,NULL,163,11,,,,,,7012345681,,,,,,,,,,,,,,,,,,,,,,,,,,,,,,,,,,,,,,,,,,,,,,,,,,,,,,
partner_82,FULLER DANIAL,1000000082,NULL,163,12,,,,,,7012345682,,,,,,,,,,,,,,,,,,,,,,,,,,,,,,,,,,,,,,,,,,,,,,,,,,,,,,
partner_83,JEWELL LARK,1000000083,NULL,163,13,,,,,,7012345683,,,,,,,,,,,,,,,,,,,,,,,,,,,,,,,,,,,,,,,,,,,,,,,,,,,,,,
partner_84,BENNY HENRI,1000000084,NULL,163,14,,,,,,7012345684,,,,,,,,,,,,,,,,,,,,,,,,,,,,,,,,,,,,,,,,,,,,,,,,,,,,,,
partner_85,HALLIE PLEASANT,1000000085,NULL,163,15,,,,,,7012345685,,,,,,,,,,,,,,,,,,,,,,,,,,,,,,,,,,,,,,,,,,,,,,,,,,,,,,
partner_86,CORNELIOUS PAUL,1000000086,NULL,163,16,,,,,,7012345686,,,,,,,,,,,,,,,,,,,,,,,,,,,,,,,,,,,,,,,,,,,,,,,,,,,,,,
partner_87,RENE TED,1000000087,NULL,163,17,,,,,,7012345687,,,,,,,,,,,,,,,,,,,,,,,,,,,,,,,,,,,,,,,,,,,,,,,,,,,,,,
partner_88,VINCENT JEAN,1000000088,NULL,163,18,,,,,,7012345688,,,,,,,,,,,,,,,,,,,,,,,,,,,,,,,,,,,,,,,,,,,,,,,,,,,,,,
partner_89,RUPERT LACY,1000000089,NULL,163,19,,,,,,7012345689,,,,,,,,,,,,,,,,,,,,,,,,,,,,,,,,,,,,,,,,,,,,,,,,,,,,,,
partner_90,ALBION PABLO,1000000090,NULL,163,20,,,,,,7012345690,,,,,,,,,,,,,,,,,,,,,,,,,,,,,,,,,,,,,,,,,,,,,,,,,,,,,,
partner_91,RANDALL BUFORD,1000000091,NULL,163,21,,,,,,7012345691,,,,,,,,,,,,,,,,,,,,,,,,,,,,,,,,,,,,,,,,,,,,,,,,,,,,,,
partner_92,ERIC SID,1000000092,NULL,163,22,,,,,,7012345692,,,,,,,,,,,,,,,,,,,,,,,,,,,,,,,,,,,,,,,,,,,,,,,,,,,,,,
partner_93,CICERO MERLIN,1000000093,NULL,163,23,,,,,,7012345693,,,,,,,,,,,,,,,,,,,,,,,,,,,,,,,,,,,,,,,,,,,,,,,,,,,,,,
partner_94,HOBART ANTONE,1000000094,NULL,163,24,,,,,,7012345694,,,,,,,,,,,,,,,,,,,,,,,,,,,,,,,,,,,,,,,,,,,,,,,,,,,,,,
partner_95,ALVAH ARVID,1000000095,NULL,163,25,,,,,,7012345695,,,,,,,,,,,,,,,,,,,,,,,,,,,,,,,,,,,,,,,,,,,,,,,,,,,,,,
partner_96,OTHO EDMON,1000000096,NULL,163,26,,,,,,7012345696,,,,,,,,,,,,,,,,,,,,,,,,,,,,,,,,,,,,,,,,,,,,,,,,,,,,,,
partner_97,ANGUS ALCIDE,1000000097,NULL,163,27,,,,,,7012345697,,,,,,,,,,,,,,,,,,,,,,,,,,,,,,,,,,,,,,,,,,,,,,,,,,,,,,
partner_98,VERNIE ELIAS,1000000098,NULL,163,28,,,,,,7012345698,,,,,,,,,,,,,,,,,,,,,,,,,,,,,,,,,,,,,,,,,,,,,,,,,,,,,,
partner_99,WEBB CLARK,1000000099,NULL,163,29,,,,,,7012345699,,,,,,,,,,,,,,,,,,,,,,,,,,,,,,,,,,,,,,,,,,,,,,,,,,,,,,
partner_100,CARSON HARMAN,1000000100,NULL,163,30,,,,,,7012345700,,,,,,,,,,,,,,,,,,,,,,,,,,,,,,,,,,,,,,,,,,,,,,,,,,,,,,
partner_101,JUAN ALEJANDRO,1000000101,NULL,163,31,,,,,,7012345701,,,,,,,,,,,,,,,,,,,,,,,,,,,,,,,,,,,,,,,,,,,,,,,,,,,,,,
partner_102,VINCENT AUGUSTINE,1000000102,NULL,163,32,,,,,,7012345702,,,,,,,,,,,,,,,,,,,,,,,,,,,,,,,,,,,,,,,,,,,,,,,,,,,,,,
partner_103,BYRON TERRY,1000000103,NULL,163,33,,,,,,7012345703,,,,,,,,,,,,,,,,,,,,,,,,,,,,,,,,,,,,,,,,,,,,,,,,,,,,,,
partner_104,BENJAMIN GREGORY,1000000104,NULL,163,34,,,,,,7012345704,,,,,,,,,,,,,,,,,,,,,,,,,,,,,,,,,,,,,,,,,,,,,,,,,,,,,,
partner_105,BENEDICT ALLEN,1000000105,NULL,163,35,,,,,,7012345705,,,,,,,,,,,,,,,,,,,,,,,,,,,,,,,,,,,,,,,,,,,,,,,,,,,,,,
partner_106,LAMBERT IRL,1000000106,NULL,163,36,,,,,,7012345706,,,,,,,,,,,,,,,,,,,,,,,,,,,,,,,,,,,,,,,,,,,,,,,,,,,,,,
partner_107,TALMAGE PERCY,1000000107,NULL,163,37,,,,,,7012345707,,,,,,,,,,,,,,,,,,,,,,,,,,,,,,,,,,,,,,,,,,,,,,,,,,,,,,
partner_108,EBB DENVER,1000000108,NULL,163,38,,,,,,7012345708,,,,,,,,,,,,,,,,,,,,,,,,,,,,,,,,,,,,,,,,,,,,,,,,,,,,,,
partner_109,BENJIMAN ELLIOT,1000000109,NULL,163,39,,,,,,7012345709,,,,,,,,,,,,,,,,,,,,,,,,,,,,,,,,,,,,,,,,,,,,,,,,,,,,,,
partner_110,HAYWOOD BAXTER,1000000110,NULL,163,40,,,,,,7012345710,,,,,,,,,,,,,,,,,,,,,,,,,,,,,,,,,,,,,,,,,,,,,,,,,,,,,,
partner_111,PAT FLORENCE,1000000111,NULL,163,41,,,,,,7012345711,,,,,,,,,,,,,,,,,,,,,,,,,,,,,,,,,,,,,,,,,,,,,,,,,,,,,,
partner_112,ALFRED AUSTIN,1000000112,NULL,163,42,,,,,,7012345712,,,,,,,,,,,,,,,,,,,,,,,,,,,,,,,,,,,,,,,,,,,,,,,,,,,,,,
partner_113,CHAUNCEY ALVAH,1000000113,NULL,163,43,,,,,,7012345713,,,,,,,,,,,,,,,,,,,,,,,,,,,,,,,,,,,,,,,,,,,,,,,,,,,,,,
partner_114,JAMES ALOIS,1000000114,NULL,163,44,,,,,,7012345714,,,,,,,,,,,,,,,,,,,,,,,,,,,,,,,,,,,,,,,,,,,,,,,,,,,,,,
partner_115,WALKER ESTES,1000000115,NULL,163,45,,,,,,7012345715,,,,,,,,,,,,,,,,,,,,,,,,,,,,,,,,,,,,,,,,,,,,,,,,,,,,,,
partner_116,JEROME LIONEL,1000000116,NULL,163,46,,,,,,7012345716,,,,,,,,,,,,,,,,,,,,,,,,,,,,,,,,,,,,,,,,,,,,,,,,,,,,,,
partner_117,EMMET MILLARD,1000000117,NULL,163,47,,,,,,7012345717,,,,,,,,,,,,,,,,,,,,,,,,,,,,,,,,,,,,,,,,,,,,,,,,,,,,,,
partner_118,COLUMBUS WASH,1000000118,NULL,163,48,,,,,,7012345718,,,,,,,,,,,,,,,,,,,,,,,,,,,,,,,,,,,,,,,,,,,,,,,,,,,,,,
partner_119,WAYNE ROSCOE,1000000119,NULL,163,49,,,,,,7012345719,,,,,,,,,,,,,,,,,,,,,,,,,,,,,,,,,,,,,,,,,,,,,,,,,,,,,,
partner_120,HARLIE JULIO,1000000120,NULL,163,50,,,,,,7012345720,,,,,,,,,,,,,,,,,,,,,,,,,,,,,,,,,,,,,,,,,,,,,,,,,,,,,,
partner_121,CHRIST JOSH,1000000121,NULL,163,51,,,,,,7012345721,,,,,,,,,,,,,,,,,,,,,,,,,,,,,,,,,,,,,,,,,,,,,,,,,,,,,,
partner_122,EARLY BRYAN,1000000122,NULL,163,52,,,,,,7012345722,,,,,,,,,,,,,,,,,,,,,,,,,,,,,,,,,,,,,,,,,,,,,,,,,,,,,,
partner_123,LENA NORRIS,1000000123,NULL,163,53,,,,,,7012345723,,,,,,,,,,,,,,,,,,,,,,,,,,,,,,,,,,,,,,,,,,,,,,,,,,,,,,
partner_124,ELZIE GOLDEN,1000000124,NULL,163,54,,,,,,7012345724,,,,,,,,,,,,,,,,,,,,,,,,,,,,,,,,,,,,,,,,,,,,,,,,,,,,,,
partner_125,CARTER RICH,1000000125,NULL,163,55,,,,,,7012345725,,,,,,,,,,,,,,,,,,,,,,,,,,,,,,,,,,,,,,,,,,,,,,,,,,,,,,
partner_126,CAMPBELL ARLIE,1000000126,NULL,163,56,,,,,,7012345726,,,,,,,,,,,,,,,,,,,,,,,,,,,,,,,,,,,,,,,,,,,,,,,,,,,,,,
partner_127,FERD LORENZA,1000000127,NULL,163,57,,,,,,7012345727,,,,,,,,,,,,,,,,,,,,,,,,,,,,,,,,,,,,,,,,,,,,,,,,,,,,,,
partner_128,ARTIE BROOKS,1000000128,NULL,163,58,,,,,,7012345728,,,,,,,,,,,,,,,,,,,,,,,,,,,,,,,,,,,,,,,,,,,,,,,,,,,,,,
partner_129,BOYD COLEMAN,1000000129,NULL,163,59,,,,,,7012345729,,,,,,,,,,,,,,,,,,,,,,,,,,,,,,,,,,,,,,,,,,,,,,,,,,,,,,
partner_130,TONY BESSIE,1000000130,NULL,163,60,,,,,,7012345730,,,,,,,,,,,,,,,,,,,,,,,,,,,,,,,,,,,,,,,,,,,,,,,,,,,,,,
partner_131,FRANCIS MILLARD,1000000131,NULL,163,61,,,,,,7012345731,,,,,,,,,,,,,,,,,,,,,,,,,,,,,,,,,,,,,,,,,,,,,,,,,,,,,,
partner_132,BONNIE FREDERICK,1000000132,NULL,163,62,,,,,,7012345732,,,,,,,,,,,,,,,,,,,,,,,,,,,,,,,,,,,,,,,,,,,,,,,,,,,,,,
partner_133,ERNIE WADE,1000000133,NULL,163,63,,,,,,7012345733,,,,,,,,,,,,,,,,,,,,,,,,,,,,,,,,,,,,,,,,,,,,,,,,,,,,,,
partner_134,ELLIS MARVIN,1000000134,NULL,163,64,,,,,,7012345734,,,,,,,,,,,,,,,,,,,,,,,,,,,,,,,,,,,,,,,,,,,,,,,,,,,,,,
partner_135,BILLY MARSHALL,1000000135,NULL,163,65,,,,,,7012345735,,,,,,,,,,,,,,,,,,,,,,,,,,,,,,,,,,,,,,,,,,,,,,,,,,,,,,
partner_136,WILFRED JEFF,1000000136,NULL,163,66,,,,,,7012345736,,,,,,,,,,,,,,,,,,,,,,,,,,,,,,,,,,,,,,,,,,,,,,,,,,,,,,
partner_137,THERON ADDISON,1000000137,NULL,163,67,,,,,,7012345737,,,,,,,,,,,,,,,,,,,,,,,,,,,,,,,,,,,,,,,,,,,,,,,,,,,,,,
partner_138,EMERY COLEMAN,1000000138,NULL,163,68,,,,,,7012345738,,,,,,,,,,,,,,,,,,,,,,,,,,,,,,,,,,,,,,,,,,,,,,,,,,,,,,
partner_139,CAREY BERTIE,1000000139,NULL,163,69,,,,,,7012345739,,,,,,,,,,,,,,,,,,,,,,,,,,,,,,,,,,,,,,,,,,,,,,,,,,,,,,
partner_140,MIKE JUNIUS,1000000140,NULL,163,70,,,,,,7012345740,,,,,,,,,,,,,,,,,,,,,,,,,,,,,,,,,,,,,,,,,,,,,,,,,,,,,,
partner_141,HILLIARD BLAINE,1000000141,NULL,163,1,,,,,,7012345741,,,,,,,,,,,,,,,,,,,,,,,,,,,,,,,,,,,,,,,,,,,,,,,,,,,,,,
partner_142,FOREST ALECK,1000000142,NULL,163,2,,,,,,7012345742,,,,,,,,,,,,,,,,,,,,,,,,,,,,,,,,,,,,,,,,,,,,,,,,,,,,,,
partner_143,BRYANT JEROME,1000000143,NULL,163,3,,,,,,7012345743,,,,,,,,,,,,,,,,,,,,,,,,,,,,,,,,,,,,,,,,,,,,,,,,,,,,,,
partner_144,ALAN LEW,1000000144,NULL,163,4,,,,,,7012345744,,,,,,,,,,,,,,,,,,,,,,,,,,,,,,,,,,,,,,,,,,,,,,,,,,,,,,
partner_145,SEYMOUR MELVILLE,1000000145,NULL,163,5,,,,,,7012345745,,,,,,,,,,,,,,,,,,,,,,,,,,,,,,,,,,,,,,,,,,,,,,,,,,,,,,
partner_146,WAYNE ELON,1000000146,NULL,163,6,,,,,,7012345746,,,,,,,,,,,,,,,,,,,,,,,,,,,,,,,,,,,,,,,,,,,,,,,,,,,,,,
partner_147,SANFORD OLIN,1000000147,NULL,163,7,,,,,,7012345747,,,,,,,,,,,,,,,,,,,,,,,,,,,,,,,,,,,,,,,,,,,,,,,,,,,,,,
partner_148,MORGAN BENNETT,1000000148,NULL,163,8,,,,,,7012345748,,,,,,,,,,,,,,,,,,,,,,,,,,,,,,,,,,,,,,,,,,,,,,,,,,,,,,
partner_149,IDA LEW,1000000149,NULL,163,9,,,,,,7012345749,,,,,,,,,,,,,,,,,,,,,,,,,,,,,,,,,,,,,,,,,,,,,,,,,,,,,,
partner_150,MATH GREGORIO,1000000150,NULL,163,10,,,,,,7012345750,,,,,,,,,,,,,,,,,,,,,,,,,,,,,,,,,,,,,,,,,,,,,,,,,,,,,,
partner_151,ELWOOD COY,1000000151,NULL,163,11,,,,,,7012345751,,,,,,,,,,,,,,,,,,,,,,,,,,,,,,,,,,,,,,,,,,,,,,,,,,,,,,
partner_152,CHANCEY CLEO,1000000152,NULL,163,12,,,,,,7012345752,,,,,,,,,,,,,,,,,,,,,,,,,,,,,,,,,,,,,,,,,,,,,,,,,,,,,,
partner_153,PRICE ANNIE,1000000153,NULL,163,13,,,,,,7012345753,,,,,,,,,,,,,,,,,,,,,,,,,,,,,,,,,,,,,,,,,,,,,,,,,,,,,,
partner_154,WAYNE ALEX,1000000154,NULL,163,14,,,,,,7012345754,,,,,,,,,,,,,,,,,,,,,,,,,,,,,,,,,,,,,,,,,,,,,,,,,,,,,,
partner_155,ORAL HERBERT,1000000155,NULL,163,15,,,,,,7012345755,,,,,,,,,,,,,,,,,,,,,,,,,,,,,,,,,,,,,,,,,,,,,,,,,,,,,,
partner_156,DILLARD WATSON,1000000156,NULL,163,16,,,,,,7012345756,,,,,,,,,,,,,,,,,,,,,,,,,,,,,,,,,,,,,,,,,,,,,,,,,,,,,,
partner_157,OCIE EDWIN,1000000157,NULL,163,17,,,,,,7012345757,,,,,,,,,,,,,,,,,,,,,,,,,,,,,,,,,,,,,,,,,,,,,,,,,,,,,,
partner_158,WALTER MARVIN,1000000158,NULL,163,18,,,,,,7012345758,,,,,,,,,,,,,,,,,,,,,,,,,,,,,,,,,,,,,,,,,,,,,,,,,,,,,,
partner_159,MILLER CARLOS,1000000159,NULL,163,19,,,,,,7012345759,,,,,,,,,,,,,,,,,,,,,,,,,,,,,,,,,,,,,,,,,,,,,,,,,,,,,,
partner_160,ELLIOT BRUCE,1000000160,NULL,163,20,,,,,,7012345760,,,,,,,,,,,,,,,,,,,,,,,,,,,,,,,,,,,,,,,,,,,,,,,,,,,,,,
partner_161,AL CONRAD,1000000161,NULL,163,21,,,,,,7012345761,,,,,,,,,,,,,,,,,,,,,,,,,,,,,,,,,,,,,,,,,,,,,,,,,,,,,,
partner_162,DAVID CAREY,1000000162,NULL,163,22,,,,,,7012345762,,,,,,,,,,,,,,,,,,,,,,,,,,,,,,,,,,,,,,,,,,,,,,,,,,,,,,
partner_163,CHIN IRVING,1000000163,NULL,163,23,,,,,,7012345763,,,,,,,,,,,,,,,,,,,,,,,,,,,,,,,,,,,,,,,,,,,,,,,,,,,,,,
partner_164,JESS PORTER,1000000164,NULL,163,24,,,,,,7012345764,,,,,,,,,,,,,,,,,,,,,,,,,,,,,,,,,,,,,,,,,,,,,,,,,,,,,,
partner_165,GLENN ALOIS,1000000165,NULL,163,25,,,,,,7012345765,,,,,,,,,,,,,,,,,,,,,,,,,,,,,,,,,,,,,,,,,,,,,,,,,,,,,,
partner_166,WARD SID,1000000166,NULL,163,26,,,,,,7012345766,,,,,,,,,,,,,,,,,,,,,,,,,,,,,,,,,,,,,,,,,,,,,,,,,,,,,,
partner_167,PETER WONG,1000000167,NULL,163,27,,,,,,7012345767,,,,,,,,,,,,,,,,,,,,,,,,,,,,,,,,,,,,,,,,,,,,,,,,,,,,,,
partner_168,ROY WARD,1000000168,NULL,163,28,,,,,,7012345768,,,,,,,,,,,,,,,,,,,,,,,,,,,,,,,,,,,,,,,,,,,,,,,,,,,,,,
partner_169,DEAN CARLETON,1000000169,NULL,163,29,,,,,,7012345769,,,,,,,,,,,,,,,,,,,,,,,,,,,,,,,,,,,,,,,,,,,,,,,,,,,,,,
partner_170,JUNIUS GERHARD,1000000170,NULL,163,30,,,,,,7012345770,,,,,,,,,,,,,,,,,,,,,,,,,,,,,,,,,,,,,,,,,,,,,,,,,,,,,,
partner_171,RANDALL TRUMAN,1000000171,NULL,163,31,,,,,,7012345771,,,,,,,,,,,,,,,,,,,,,,,,,,,,,,,,,,,,,,,,,,,,,,,,,,,,,,
partner_172,SILAS CLAYTON,1000000172,NULL,163,32,,,,,,7012345772,,,,,,,,,,,,,,,,,,,,,,,,,,,,,,,,,,,,,,,,,,,,,,,,,,,,,,
partner_173,KENNETH HUBERT,1000000173,NULL,163,33,,,,,,7012345773,,,,,,,,,,,,,,,,,,,,,,,,,,,,,,,,,,,,,,,,,,,,,,,,,,,,,,
partner_174,GARNETT HENDERSON,1000000174,NULL,163,34,,,,,,7012345774,,,,,,,,,,,,,,,,,,,,,,,,,,,,,,,,,,,,,,,,,,,,,,,,,,,,,,
partner_175,ANDERSON VIRGIL,1000000175,NULL,163,35,,,,,,7012345775,,,,,,,,,,,,,,,,,,,,,,,,,,,,,,,,,,,,,,,,,,,,,,,,,,,,,,
partner_176,MERVIN WASHINGTON,1000000176,NULL,163,36,,,,,,7012345776,,,,,,,,,,,,,,,,,,,,,,,,,,,,,,,,,,,,,,,,,,,,,,,,,,,,,,
partner_177,ROSS TIMOTHY,1000000177,NULL,163,37,,,,,,7012345777,,,,,,,,,,,,,,,,,,,,,,,,,,,,,,,,,,,,,,,,,,,,,,,,,,,,,,
partner_178,JOSH WASH,1000000178,NULL,163,38,,,,,,7012345778,,,,,,,,,,,,,,,,,,,,,,,,,,,,,,,,,,,,,,,,,,,,,,,,,,,,,,
partner_179,SETH SMITH,1000000179,NULL,163,39,,,,,,7012345779,,,,,,,,,,,,,,,,,,,,,,,,,,,,,,,,,,,,,,,,,,,,,,,,,,,,,,
partner_180,CARRIE TOMMIE,1000000180,NULL,163,40,,,,,,7012345780,,,,,,,,,,,,,,,,,,,,,,,,,,,,,,,,,,,,,,,,,,,,,,,,,,,,,,
partner_181,GREGORY MATT,1000000181,NULL,163,41,,,,,,7012345781,,,,,,,,,,,,,,,,,,,,,,,,,,,,,,,,,,,,,,,,,,,,,,,,,,,,,,
partner_182,ALGER FRANCES,1000000182,NULL,163,42,,,,,,7012345782,,,,,,,,,,,,,,,,,,,,,,,,,,,,,,,,,,,,,,,,,,,,,,,,,,,,,,
partner_183,ALVIS TOMAS,1000000183,NULL,163,43,,,,,,7012345783,,,,,,,,,,,,,,,,,,,,,,,,,,,,,,,,,,,,,,,,,,,,,,,,,,,,,,
partner_184,ELLWOOD SHEPHERD,1000000184,NULL,163,44,,,,,,7012345784,,,,,,,,,,,,,,,,,,,,,,,,,,,,,,,,,,,,,,,,,,,,,,,,,,,,,,
partner_185,PEDRO RUSH,1000000185,NULL,163,45,,,,,,7012345785,,,,,,,,,,,,,,,,,,,,,,,,,,,,,,,,,,,,,,,,,,,,,,,,,,,,,,
partner_186,PEDRO ENOS,1000000186,NULL,163,46,,,,,,7012345786,,,,,,,,,,,,,,,,,,,,,,,,,,,,,,,,,,,,,,,,,,,,,,,,,,,,,,
partner_187,WADE MINNIE,1000000187,NULL,163,47,,,,,,7012345787,,,,,,,,,,,,,,,,,,,,,,,,,,,,,,,,,,,,,,,,,,,,,,,,,,,,,,
partner_188,ELIJAH JOHNNIE,1000000188,NULL,163,48,,,,,,7012345788,,,,,,,,,,,,,,,,,,,,,,,,,,,,,,,,,,,,,,,,,,,,,,,,,,,,,,
partner_189,BARTON VALENTINE,1000000189,NULL,163,49,,,,,,7012345789,,,,,,,,,,,,,,,,,,,,,,,,,,,,,,,,,,,,,,,,,,,,,,,,,,,,,,
partner_190,FLETCHER HORATIO,1000000190,NULL,163,50,,,,,,7012345790,,,,,,,,,,,,,,,,,,,,,,,,,,,,,,,,,,,,,,,,,,,,,,,,,,,,,,
partner_191,COLON JONAH,1000000191,NULL,163,51,,,,,,7012345791,,,,,,,,,,,,,,,,,,,,,,,,,,,,,,,,,,,,,,,,,,,,,,,,,,,,,,
partner_192,ELIGE FREDRIC,1000000192,NULL,163,52,,,,,,7012345792,,,,,,,,,,,,,,,,,,,,,,,,,,,,,,,,,,,,,,,,,,,,,,,,,,,,,,
partner_193,SHEDRICK BUTLER,1000000193,NULL,163,53,,,,,,7012345793,,,,,,,,,,,,,,,,,,,,,,,,,,,,,,,,,,,,,,,,,,,,,,,,,,,,,,
partner_194,VANDER FRANK,1000000194,NULL,163,54,,,,,,7012345794,,,,,,,,,,,,,,,,,,,,,,,,,,,,,,,,,,,,,,,,,,,,,,,,,,,,,,
partner_195,CLIVE BERTRAM,1000000195,NULL,163,55,,,,,,7012345795,,,,,,,,,,,,,,,,,,,,,,,,,,,,,,,,,,,,,,,,,,,,,,,,,,,,,,
partner_196,KNUTE NEWT,1000000196,NULL,163,56,,,,,,7012345796,,,,,,,,,,,,,,,,,,,,,,,,,,,,,,,,,,,,,,,,,,,,,,,,,,,,,,
partner_197,AARON LEE,1000000197,NULL,163,57,,,,,,7012345797,,,,,,,,,,,,,,,,,,,,,,,,,,,,,,,,,,,,,,,,,,,,,,,,,,,,,,
partner_198,GERALD BENJMAN,1000000198,NULL,163,58,,,,,,7012345798,,,,,,,,,,,,,,,,,,,,,,,,,,,,,,,,,,,,,,,,,,,,,,,,,,,,,,
partner_199,ELLA ABRAM,1000000199,NULL,163,59,,,,,,7012345799,,,,,,,,,,,,,,,,,,,,,,,,,,,,,,,,,,,,,,,,,,,,,,,,,,,,,,
partner_200,WILSON DOUGLASS,1000000200,NULL,163,60,,,,,,7012345800,,,,,,,,,,,,,,,,,,,,,,,,,,,,,,,,,,,,,,,,,,,,,,,,,,,,,,
partner_201,DICK CLINT,1000000201,NULL,163,61,,,,,,7012345801,,,,,,,,,,,,,,,,,,,,,,,,,,,,,,,,,,,,,,,,,,,,,,,,,,,,,,
partner_202,ROLLAND WILFRED,1000000202,NULL,163,62,,,,,,7012345802,,,,,,,,,,,,,,,,,,,,,,,,,,,,,,,,,,,,,,,,,,,,,,,,,,,,,,
partner_203,RENE COLLINS,1000000203,NULL,163,63,,,,,,7012345803,,,,,,,,,,,,,,,,,,,,,,,,,,,,,,,,,,,,,,,,,,,,,,,,,,,,,,
partner_204,CARROLL ISSAC,1000000204,NULL,163,,,,,,,,,,,,,,,,,,,,,,,,,,,,,,,,,,,,,,,,,,,,,,,,,,,,,,,,,,,,,
